code,name,cat,verdict,detail
002722,工银财富货币B,money_market,stale_only,Data_millionCopiesIncome@2025-07-30
005196,博时合丰货币B,money_market,no_series,
027876,汇添富稳益多资产三个月持有混合(FOF)A,fof,no_series,
008434,凯石岐短债C,bond_periodic,stale_only,Data_netWorthTrend|Data_ACWorthTrend@2026-06-17
161220,国投瑞银新兴产业混合(LOF)A(后端),etf_lof,no_series,
017793,国联安聚利39个月封闭式债券,bond_periodic,stale_only,Data_netWorthTrend|Data_ACWorthTrend@2026-05-31
161212,国投沪深300金融地产联接(后端),other,no_series,
020806,国投瑞银和嘉债券C,bond_periodic,stale_only,Data_netWorthTrend|Data_ACWorthTrend@2026-07-05
180203,招商高速公路REIT,reits,stale_only,Data_netWorthTrend|Data_ACWorthTrend@2024-10-16
161617,融通医疗保健行业混合A/B(后端),other,no_series,
180306,华夏安博仓储REIT,reits,no_series,
508022,博时津开产园REIT,reits,stale_only,Data_netWorthTrend|Data_ACWorthTrend@2024-08-27
508026,嘉实中国电建清洁能源REIT,reits,no_series,
508012,招商科创REIT,reits,no_series,
027237,富国港股通科技混合C,backend_share,no_series,
519728,交银成长30混合(后端),other,no_series,
960015,汇添富医药保健混合O,other,no_series,
028446,华安沣利债券C,bond_periodic,no_series,
508029,中信建投沈阳国际软件园REIT,reits,stale_only,Data_netWorthTrend|Data_ACWorthTrend@2025-10-19
028284,东吴瑞欣债券C,bond_periodic,no_series,
027729,财通资管沪深300指数增强A,other,no_series,
028474,南方稳健多策略3个月持有混合(FOF)C,fof,no_series,
028520,前海开源中证全指软件开发指数A,other,no_series,
026708,永赢元鑫稳健多资产六个月持有混合(FOF)C,fof,recoverable,Data_netWorthTrend|Data_ACWorthTrend@2026-07-23
027186,平安启瑞港股甄选混合(QDII),qdii_other,no_series,
026740,鑫元鑫选恒泰稳健配置3个月持有期混合(FOF)A,fof,no_series,
027442,东方红中证价值领先指数A,other,no_series,
027913,大成稳丰3个月持有期债券A,bond_periodic,no_series,
100017,富国天源沪港深平衡混合A(后端),other,no_series,
159043,食品ETF华安,etf_lof,no_series,
100021,富国天益价值混合A(后端),other,no_series,
160120,南方中证500ETF联接(LOF)A(后端),etf_lof,no_series,
028574,南方启航共赢混合C,backend_share,no_series,
202026,南方上证380ETF联接A(后端),etf_lof,no_series,
400004,东方精选混合(后端),other,no_series,
508009,中金安徽交控REIT,reits,stale_only,Data_netWorthTrend|Data_ACWorthTrend@2025-06-29
270011,广发聚富混合(后端),other,no_series,
960035,易方达价值成长混合H,backend_share,no_series,
027451,交银港股消费混合(QDII)C,qdii_other,no_series,
027177,华泰柏瑞安泰稳健多元配置6个月持有混合(FOF)A,fof,no_series,
028247,华夏国证航天航空行业ETF联接A,etf_lof,no_series,
017292,申万菱信红利量化选股股票A,other,stale_only,Data_netWorthTrend|Data_ACWorthTrend@2026-05-07
028379,安联中国成长优选混合A,other,no_series,
508056,中金普洛斯REIT,reits,stale_only,Data_netWorthTrend|Data_ACWorthTrend@2024-03-30
001311,华安新回报混合A,other,stale_only,Data_netWorthTrend|Data_ACWorthTrend@2026-04-27
027141,广发富泽多元配置三个月持有混合(ETF-FOF)C,fof,no_series,
011725,东方红新源三年持有混合B,other,no_series,
017300,安信数字经济股票发起A,other,stale_only,Data_netWorthTrend|Data_ACWorthTrend@2026-05-21
027488,易方达如意安恒3个月持有混合(FOF)A,fof,recoverable,Data_netWorthTrend|Data_ACWorthTrend@2026-07-23
001151,融通互联网传媒灵活配置混合A(后端),other,no_series,
051014,博时创业成长混合A(后端),other,no_series,
100027,富国天合稳健优选混合(后端),other,no_series,
028160,广发稳致混合C,backend_share,no_series,
100067,富国纯债债券发起式A/B(后端),bond_periodic,no_series,
128001,国投瑞银融华债券(后端),bond_periodic,no_series,
027221,长城均衡回报混合发起A,other,no_series,
180303,华泰宝湾物流REIT,reits,stale_only,Data_netWorthTrend|Data_ACWorthTrend@2025-06-29
016131,国泰海通品质生活混合发起C,backend_share,stale_only,Data_netWorthTrend|Data_ACWorthTrend@2026-06-11
160126,南方香港优选股票(后端),other,no_series,
161707,招商优质成长混合(LOF)(后端),etf_lof,no_series,
508007,中金山东高速REIT,reits,stale_only,Data_netWorthTrend|Data_ACWorthTrend@2025-06-29
202012,南方优选价值混合A(后端),other,no_series,
508099,建信中关村REIT,reits,stale_only,Data_netWorthTrend|Data_ACWorthTrend@2022-06-23
508011,嘉实物美消费REIT,reits,stale_only,Data_netWorthTrend|Data_ACWorthTrend@2024-01-30
960034,国投瑞银稳定增利债券H,money_market,no_series,
960040,南方多利增强债券H,bond_periodic,no_series,
508602,国泰海通砂之船商业REIT,reits,stale_only,Data_netWorthTrend|Data_ACWorthTrend@2026-05-31
027756,华宝医药精选混合(QDII)C,qdii_other,no_series,
180301,红土创新盐田港REIT,reits,stale_only,Data_netWorthTrend|Data_ACWorthTrend@2025-12-30
027523,广发产业优选混合C,backend_share,no_series,
028243,嘉实均衡优选股票A,other,no_series,
026777,百嘉百泽60天持有纯债债券C,bond_periodic,no_series,
028332,嘉实多瑞混合A,other,no_series,
028383,华润元大聚盈混合发起式A,other,no_series,
000163,富国全球债券(QDII)人民币A(后端),qdii_other,no_series,
158005,工程机械ETF博时,etf_lof,no_series,
001853,融通中国风1号灵活配置混合A/B(后端),other,no_series,
008464,招商添瑞1年定开债C,bond_periodic,stale_only,Data_netWorthTrend|Data_ACWorthTrend@2020-04-25
025827,兴全盈禧多元配置三个月持有混合(FOF)C,fof,no_series,
027296,大摩添悦债券C,bond_periodic,no_series,
000155,富国通胀通缩主题轮动混合A(后端),other,no_series,
027500,兴全盈泰多元配置三个月持有混合FOFA,fof,recoverable,Data_netWorthTrend|Data_ACWorthTrend@2026-07-23
161663,融通创业板指数A(后端),other,no_series,
027873,中航祥益债券C,bond_periodic,no_series,
202004,南方绩优成长混合A(后端),other,no_series,
023575,海富通稳鑫三个月持有债券A,bond_periodic,stale_only,Data_netWorthTrend|Data_ACWorthTrend@2026-06-28
508085,华泰苏州恒泰租赁住房REIT,reits,stale_only,Data_netWorthTrend|Data_ACWorthTrend@2025-06-29
270036,广发国证2000ETF联接A(后端),etf_lof,no_series,
027650,东财农业智选混合发起式A,other,no_series,
508003,中金联东科创REIT,reits,stale_only,Data_netWorthTrend|Data_ACWorthTrend@2025-06-29
028431,汇安启程混合C,backend_share,no_series,
028256,摩根新能源股票C,backend_share,no_series,
018347,富安达智优量化选股混合型发起式A,other,stale_only,Data_netWorthTrend|Data_ACWorthTrend@2026-06-04
000108,富国稳健增强债券A/B(后端),bond_periodic,no_series,
000472,富国城镇发展股票(后端),other,no_series,
004570,建信结算宝货币,money_market,no_series,
017238,创金合信宁和平衡养老目标三年持有期混合发起(FOF),fof,stale_only,Data_netWorthTrend|Data_ACWorthTrend@2026-04-23
001472,融通新能源灵活配置混合A(后端),other,no_series,
027682,中邮臻享混合发起式A,other,no_series,
005190,东方红沪港深混合(后端),other,no_series,
022723,工银现金货币B,money_market,no_series,
027661,宝盈裕安增利6个月持有期债券C,money_market,no_series,
027268,国泰消费智选混合发起C,backend_share,no_series,
018292,华夏国证2000指数增强发起式A,other,stale_only,Data_netWorthTrend|Data_ACWorthTrend@2026-05-24
017496,泰康中证科创创业50指数C,backend_share,stale_only,Data_netWorthTrend|Data_ACWorthTrend@2026-06-11
027755,华宝医药精选混合(QDII)A,qdii_other,no_series,
213908,宝盈资源优选混合(后端),other,no_series,
100059,富国产业债券A(后端),bond_periodic,no_series,
519695,交银蓝筹混合(后端),other,no_series,
561410,光伏ETF工银,etf_lof,no_series,
018335,华夏中证智选1000成长创新策略ETF发起式联接C,etf_lof,stale_only,Data_netWorthTrend|Data_ACWorthTrend@2026-05-31
023008,兴华智选成长三个月持有混合发起(FOF)C,fof,stale_only,Data_netWorthTrend|Data_ACWorthTrend@2026-06-21
027763,博道锦航混合A,other,no_series,
028588,永赢嘉鑫增利债券C,money_market,no_series,
027797,华夏优享回报混合A,other,no_series,
028470,上银创业板综指增强发起式C,backend_share,no_series,
051001,博时价值增长混合(后端),other,no_series,
181001,创金合信北京国资公司REIT,reits,stale_only,Data_netWorthTrend|Data_ACWorthTrend@2026-07-12
508028,中信建投国家电投新能源REIT,reits,stale_only,Data_netWorthTrend|Data_ACWorthTrend@2024-12-30
202109,南方润元纯债债券A/B(后端),bond_periodic,no_series,
028225,贝莱德行业轮动量化选股股票A,other,no_series,
027525,中加安衡量化选股混合C,backend_share,no_series,
519994,长信金利趋势混合A(后端),other,no_series,
027902,兴全盈旭多元配置三个月持有混合(FOF)C,fof,no_series,
519687,交银上证180公司治理联接(后端),other,no_series,
026707,永赢元鑫稳健多资产六个月持有混合(FOF)A,fof,recoverable,Data_netWorthTrend|Data_ACWorthTrend@2026-07-23
028253,平安瑞升6个月持有混合A,other,no_series,
508000,华安张江产业园REIT,reits,stale_only,Data_netWorthTrend|Data_ACWorthTrend@2022-12-30
028254,平安瑞升6个月持有混合C,backend_share,no_series,
028372,博时汇益回报3个月持有期混合(FOF)A,fof,no_series,
159095,云计算ETF银华,etf_lof,no_series,
028415,中欧医疗精选混合发起C,backend_share,no_series,
028544,天弘材料新机遇优选混合发起式C,backend_share,no_series,
000157,富国全球科技互联网股票(QDII)A(后端),qdii_other,no_series,
000162,富国中国中小盘混合(QDII)人民币A(后端),qdii_other,no_series,
016116,国联安恒盛3个月定开债券,bond_periodic,stale_only,Data_netWorthTrend|Data_ACWorthTrend@2026-06-29
026548,中欧价值智信混合A,other,no_series,
016390,易米研究精选混合发起A,other,stale_only,Data_netWorthTrend|Data_ACWorthTrend@2026-04-26
027775,鹏扬量化选股混合A,other,no_series,
027914,大成稳丰3个月持有期债券C,bond_periodic,no_series,
017768,大成颐禧积极养老目标五年持有混合发起式(FOF),fof,stale_only,Data_netWorthTrend|Data_ACWorthTrend@2026-06-28
041011,华安核心优选混合A(后端),other,no_series,
180305,南方顺丰物流REIT,reits,stale_only,Data_netWorthTrend|Data_ACWorthTrend@2025-12-30
158000,港股通金融ETF鹏华,etf_lof,no_series,
028344,鹏扬优利债券A,bond_periodic,no_series,
960023,工银稳健成长混合H,backend_share,stale_only,Data_netWorthTrend|Data_ACWorthTrend@2017-01-22
508016,华夏华电清洁能源REIT,reits,stale_only,Data_netWorthTrend|Data_ACWorthTrend@2025-07-13
028373,博时汇益回报3个月持有期混合(FOF)C,fof,no_series,
180502,招商基金蛇口租赁住房REIT,reits,stale_only,Data_netWorthTrend|Data_ACWorthTrend@2024-12-30
160107,南方高增长混合(LOF)(后端),etf_lof,no_series,
028543,天弘材料新机遇优选混合发起式A,other,no_series,
018302,华夏聚盈优选三个月持有混合发起式(FOF)A,fof,stale_only,Data_netWorthTrend|Data_ACWorthTrend@2026-06-01
180401,鹏华深圳能源REIT,reits,stale_only,Data_netWorthTrend|Data_ACWorthTrend@2025-12-30
027791,国金智启量化选股股票C,backend_share,no_series,
000856,摩根天添盈货币B,money_market,stale_only,Data_millionCopiesIncome@2018-06-20
000002,华夏成长混合(后端),other,no_series,
213907,宝盈增强收益债券A/B(后端),bond_periodic,no_series,
508010,中金重庆两江REIT,reits,stale_only,Data_netWorthTrend|Data_ACWorthTrend@2025-06-29
041001,华安创新混合(后端),other,no_series,
508068,华夏北京保障房REIT,reits,stale_only,Data_netWorthTrend|Data_ACWorthTrend@2022-08-21
511080,长盛全债指数增强债券A(后端),bond_periodic,no_series,
508066,华泰江苏交控REIT,reits,stale_only,Data_netWorthTrend|Data_ACWorthTrend@2025-06-29
519701,交银主题优选混合A(后端),other,no_series,
960032,农银行业成长混合H,backend_share,no_series,
519067,汇添富蓝筹稳健混合A(后端),other,no_series,
028391,天弘慧选增利6个月持有混合A,money_market,no_series,
028378,浙商汇金沪港深医疗创新混合型发起式,other,no_series,
028380,安联中国成长优选混合C,backend_share,no_series,
028469,上银创业板综指增强发起式A,other,no_series,
028405,富国中证金融科技主题ETF发起式联接C,etf_lof,no_series,
560000,智能电车ETF浦银,etf_lof,stale_only,Data_netWorthTrend|Data_ACWorthTrend@2026-05-06
158012,云计算ETF南方,etf_lof,no_series,
000941,富国中小盘精选混合A(后端),other,no_series,
158001,价值ETF嘉实,etf_lof,no_series,
005131,海富通盈鑫货币A,money_market,no_series,
027952,兴业福泰90天持有期债券A,bond_periodic,no_series,
002606,融通新消费灵活配置混合(后端),other,no_series,
026741,鑫元鑫选恒泰稳健配置3个月持有期混合(FOF)C,fof,no_series,
027026,华安中证电池主题指数A,other,no_series,
027120,富国盈和优选6个月持有期混合(FOF)C,fof,recoverable,Data_netWorthTrend|Data_ACWorthTrend@2026-07-23
027648,国融添瑞债券A,bond_periodic,no_series,
051010,博时特许价值混合A(后端),other,no_series,
026977,兴全优加混合C,backend_share,no_series,
485205,工银增强收益债券A(后端),bond_periodic,no_series,
023171,兴华安泽纯债A,bond_periodic,stale_only,Data_netWorthTrend|Data_ACWorthTrend@2026-06-15
508089,华夏特变电工新能源REIT,reits,stale_only,Data_netWorthTrend|Data_ACWorthTrend@2024-10-16
027534,中金趋势回报股票A,other,no_series,
519703,交银趋势混合A(后端),other,no_series,
001626,国泰央企改革股票A,other,stale_only,Data_netWorthTrend|Data_ACWorthTrend@2026-06-16
027814,国金添益债券A,bond_periodic,no_series,
519070,汇添富价值精选混合(后端),other,no_series,
017866,泓德高端装备混合发起式A,other,stale_only,Data_netWorthTrend|Data_ACWorthTrend@2026-06-17
019951,融通消费升级混合C,backend_share,stale_only,Data_netWorthTrend|Data_ACWorthTrend@2026-06-14
027466,华安盈泰稳健优选90天持有混合(FOF)C,fof,recoverable,Data_netWorthTrend|Data_ACWorthTrend@2026-07-23
100019,富国天利增长债券A(后端),bond_periodic,no_series,
027942,上银慧泽双利债券C,bond_periodic,no_series,
026896,华夏智胜双擎股票,other,no_series,
180605,易方达华威市场REIT,reits,stale_only,Data_netWorthTrend|Data_ACWorthTrend@2025-05-08
028363,长信稳健睿利债券发起式A,bond_periodic,no_series,
180201,平安广州广河REIT,reits,stale_only,Data_netWorthTrend|Data_ACWorthTrend@2021-06-06
027915,银华华盈多元配置六个月持有期混合(FOF),fof,no_series,
023025,南方升元中短期利率债债券D,bond_periodic,no_series,
000660,银华活钱宝货币D,money_market,stale_only,Data_millionCopiesIncome@2024-12-26
180106,广发成都高投产业园REIT,reits,stale_only,Data_netWorthTrend|Data_ACWorthTrend@2024-12-05
517230,云计算ETF永赢,etf_lof,no_series,
002956,融通新趋势灵活配置混合(后端),other,no_series,
006176,万家聚利混合C,backend_share,no_series,
000161,富国宏观策略灵活配置混合A(后端),other,no_series,
010862,东方红启阳三年持有混合B,other,no_series,
017184,华商嘉逸养老目标2045五年持有混合发起式(FOF),fof,stale_only,Data_netWorthTrend|Data_ACWorthTrend@2026-06-08
019117,国泰央企改革股票C,backend_share,stale_only,Data_netWorthTrend|Data_ACWorthTrend@2026-06-16
026503,百嘉中债1-5年政金债指数A,bond_periodic,no_series,
004334,博时广利纯债3个月定开,bond_periodic,stale_only,Data_netWorthTrend|Data_ACWorthTrend@2026-05-26
027758,汇添富中证全指指数增强A,other,no_series,
028041,宏利港股数字经济混合发起(QDII)A,qdii_other,no_series,
027782,宝盈中证工业有色金属主题指数发起式A,other,no_series,
091003,大成蓝筹稳健混合A(后端),other,no_series,
100052,富国可转债A(后端),bond_periodic,no_series,
202006,南方成份精选混合A(后端),other,no_series,
161653,融通债券A/B(后端),bond_periodic,no_series,
202016,南方沪深300ETF联接A(后端),etf_lof,no_series,
028246,嘉实领航聚宁3个月持有期混合(FOF)C,fof,no_series,
202024,南方优选成长混合A(后端),other,no_series,
202106,南方广利回报债券A/B(后端),bond_periodic,no_series,
400012,东方核心动力混合A(后端),other,no_series,
508086,工银河北高速REIT,reits,stale_only,Data_netWorthTrend|Data_ACWorthTrend@2025-06-29
508606,华夏凯德商业REIT,reits,no_series,
163413,兴全轻资产混合(LOF)(后端),etf_lof,no_series,
519009,汇添富优势精选混合(后端),other,no_series,
016132,国泰海通善兴平衡养老目标三年持有混合发起(FOF),fof,stale_only,Data_netWorthTrend|Data_ACWorthTrend@2026-05-10
519699,交银先锋混合A(后端),other,no_series,
508088,国泰海通东久新经济REIT,reits,stale_only,Data_netWorthTrend|Data_ACWorthTrend@2025-12-30
027535,中金趋势回报股票C,backend_share,no_series,
028295,民生加银添惠债券A,bond_periodic,no_series,
562170,沪深300现金流ETF易方达,money_market,no_series,
560650,核心50ETF民生加银,etf_lof,stale_only,Data_netWorthTrend|Data_ACWorthTrend@2026-07-01
000164,富国上证指数ETF联接A(后端),etf_lof,no_series,
028248,华夏国证航天航空行业ETF联接C,etf_lof,no_series,
000661,银华活钱宝货币E,money_market,stale_only,Data_millionCopiesIncome@2024-12-26
028297,银华启成六个月持有期债券A,bond_periodic,no_series,
009563,工银全球股票(QDII)港币,qdii_other,no_series,
025907,东方红欣享稳健多资产6个月持有混合(FOF)C,fof,recoverable,Data_netWorthTrend|Data_ACWorthTrend@2026-07-23
018002,华夏兴夏价值一年持有混合发起式C,backend_share,stale_only,Data_netWorthTrend|Data_ACWorthTrend@2026-05-05
001002,华夏债券A/B(后端),bond_periodic,no_series,
018499,渤海汇金优选平衡一年持有混合发起(FOF)C,fof,stale_only,Data_netWorthTrend|Data_ACWorthTrend@2026-06-11
026580,景顺长城盈景积极配置6个月持有混合(FOF)A,fof,recoverable,Data_netWorthTrend|Data_ACWorthTrend@2026-07-23
000514,富国高端制造行业股票A(后端),other,no_series,
027968,平安中证农业主题指数发起式C,backend_share,no_series,
027660,宝盈裕安增利6个月持有期债券A,money_market,no_series,
161020,富国新天锋债券(LOF)A(后端),bond_periodic,no_series,
128006,国投瑞银稳健增长混合(后端),other,no_series,
400008,东方策略成长混合(后端),other,no_series,
508033,易方达深高速REIT,reits,stale_only,Data_netWorthTrend|Data_ACWorthTrend@2024-03-11
028321,富国稳悦回报混合A,other,no_series,
028139,中银证券慧颐稳健养老一年持有混合发起式(FOF),fof,recoverable,Data_netWorthTrend|Data_ACWorthTrend@2026-07-23
519996,长信银利精选混合A(后端),other,no_series,
027764,博道锦航混合C,backend_share,no_series,
027559,创金合信稳进鑫禧混合A,other,no_series,
028287,景顺长城景颐聚利六个月持有期债券A,bond_periodic,no_series,
027953,兴业福泰90天持有期债券C,bond_periodic,no_series,
581002,东吴双动力混合A(后端),other,no_series,
028320,华商永利债券C,bond_periodic,no_series,
027178,华泰柏瑞安泰稳健多元配置6个月持有混合(FOF)C,fof,no_series,
009589,汇添富现金宝货币C,money_market,stale_only,Data_millionCopiesIncome@2025-04-15
023007,兴华智选成长三个月持有混合发起(FOF)A,fof,stale_only,Data_netWorthTrend|Data_ACWorthTrend@2026-06-21
010443,东方红启程三年持有混合B,other,no_series,
027462,平安兴福多元稳健3个月持有混合(FOF)C,fof,recoverable,Data_netWorthTrend|Data_ACWorthTrend@2026-07-23
027489,易方达如意安恒3个月持有混合(FOF)C,fof,recoverable,Data_netWorthTrend|Data_ACWorthTrend@2026-07-23
027790,国金智启量化选股股票A,other,no_series,
028226,贝莱德行业轮动量化选股股票C,backend_share,no_series,
023205,兴全合辰混合A,other,no_series,
001153,融通新区域新经济灵活配置混合(后端),other,no_series,
100030,富国天成红利混合(后端),other,no_series,
026651,易方达如意安惠6个月持有混合(FOF)C,fof,recoverable,Data_netWorthTrend|Data_ACWorthTrend@2026-07-23
161662,融通深证成份指数A(后端),other,no_series,
163416,兴全商业模式混合(LOF)A(后端),etf_lof,no_series,
508015,中信建投明阳智能新能源REIT,reits,stale_only,Data_netWorthTrend|Data_ACWorthTrend@2024-12-30
257021,国联安精选混合(后端),other,no_series,
508055,汇添富上海地产租赁住房REIT,reits,stale_only,Data_netWorthTrend|Data_ACWorthTrend@2025-06-29
508084,汇添富九州通医药REIT,reits,stale_only,Data_netWorthTrend|Data_ACWorthTrend@2025-06-29
158008,新能源电池ETF华夏,etf_lof,no_series,
201001,长城久恒灵活配置混合A(后端),other,no_series,
016714,长信均衡策略一年持有混合C,backend_share,stale_only,Data_netWorthTrend|Data_ACWorthTrend@2026-06-28
015504,华夏兴夏价值一年持有混合发起式A,other,stale_only,Data_netWorthTrend|Data_ACWorthTrend@2026-05-05
028290,万家卓越领航混合C,backend_share,no_series,
027465,华安盈泰稳健优选90天持有混合(FOF)A,fof,recoverable,Data_netWorthTrend|Data_ACWorthTrend@2026-07-23
018352,国泰海通周期精选混合发起C,backend_share,stale_only,Data_netWorthTrend|Data_ACWorthTrend@2026-05-17
100036,富国优化增强债券A/B(后端),bond_periodic,no_series,
027483,工银盈瑞稳健6个月持有混合(FOF)C,fof,recoverable,Data_netWorthTrend|Data_ACWorthTrend@2026-07-23
159098,国证价值100ETF招商,etf_lof,no_series,
027974,金鹰丰誉混合C,backend_share,no_series,
161021,富国中证500指数增强(LOF)A(后端),etf_lof,no_series,
508019,中金湖北科投光谷REIT,reits,stale_only,Data_netWorthTrend|Data_ACWorthTrend@2025-06-29
162713,广发中证500ETF联接A(后端),etf_lof,no_series,
159083,红利低波100ETF嘉实,etf_lof,no_series,
508027,东吴苏园产业REIT,reits,stale_only,Data_netWorthTrend|Data_ACWorthTrend@2025-12-30
508050,华夏中核清洁能源REIT,reits,stale_only,Data_netWorthTrend|Data_ACWorthTrend@2025-12-25
960027,博时信用债券R,bond_periodic,stale_only,Data_netWorthTrend|Data_ACWorthTrend@2018-11-13
519088,新华优选分红混合A(后端),other,no_series,
028242,工银中证A500ETF联接D,etf_lof,no_series,
028267,南方稳颐3个月持有混合(FOF)C,fof,no_series,
561730,A股ETF华夏,etf_lof,no_series,
017293,申万菱信红利量化选股股票C,backend_share,stale_only,Data_netWorthTrend|Data_ACWorthTrend@2026-05-07
960009,广发聚优灵活配置混合H,backend_share,no_series,
028244,嘉实均衡优选股票C,backend_share,no_series,
028445,华安沣利债券A,bond_periodic,no_series,
001831,融通跨界成长灵活配置混合(后端),other,no_series,
016435,泰信新能源锐选混合发起式A,other,no_series,
020506,中银证券鸿安债券A,bond_periodic,stale_only,Data_netWorthTrend|Data_ACWorthTrend@2026-06-25
027387,汇泉中债0-5年政金债A,bond_periodic,no_series,
026549,中欧价值智信混合C,backend_share,no_series,
017579,汇添富添福欣享均衡养老目标三年持有混合发起(FOF),fof,stale_only,Data_netWorthTrend|Data_ACWorthTrend@2026-06-01
027636,国泰海通善衡稳健配置三个月持有混合(FOF)A,fof,recoverable,Data_netWorthTrend|Data_ACWorthTrend@2026-07-27
257031,国联安优势混合(后端),other,no_series,
270016,广发策略优选混合(后端),other,no_series,
027786,国富港股通核心增益混合A,other,no_series,
519010,汇添富均衡增长混合(后端),other,no_series,
508059,华泰三峡新能源REIT,reits,stale_only,Data_netWorthTrend|Data_ACWorthTrend@2026-07-05
960026,博时特许价值混合R,backend_share,stale_only,Data_netWorthTrend|Data_ACWorthTrend@2018-11-13
158010,医疗ETF嘉实,etf_lof,no_series,
519737,交银新成长混合(后端),other,no_series,
006050,恒越研究精选混合A/B(后端),other,no_series,
027267,国泰消费智选混合发起A,other,no_series,
026395,招商裕田混合发起式C,backend_share,stale_only,Data_netWorthTrend|Data_ACWorthTrend@2026-02-09
027619,富国智远稳健6个月持有期混合(FOF)C,fof,recoverable,Data_netWorthTrend|Data_ACWorthTrend@2026-07-23
515293,银行ETF天弘,etf_lof,no_series,
519734,交银强化回报债券A/B(后端),bond_periodic,no_series,
027986,汇安启明混合C,backend_share,no_series,
027649,国融添瑞债券C,bond_periodic,no_series,
028152,广发稳致混合A,other,no_series,
051201,博时价值增长贰号混合(后端),other,no_series,
180402,工银蒙能清洁能源REIT,reits,stale_only,Data_netWorthTrend|Data_ACWorthTrend@2025-06-29
508077,华夏基金华润有巢REIT,reits,no_series,
519992,长信增利动态策略混合(后端),money_market,no_series,
519071,汇添富成长焦点混合(后端),other,no_series,
027282,招商北证50成份指数增强发起式C,backend_share,no_series,
006651,招商安庆债券C,bond_periodic,no_series,
027140,广发富泽多元配置三个月持有混合(ETF-FOF)A,fof,no_series,
541002,汇丰晋信龙腾混合A(后端),other,no_series,
027524,中加安衡量化选股混合A,other,no_series,
159096,价值ETF华夏,etf_lof,no_series,
028404,富国中证金融科技主题ETF发起式联接A,etf_lof,no_series,
028591,汇添富稳利回报债券A,bond_periodic,no_series,
028289,万家卓越领航混合A,other,no_series,
017727,鑫元成长驱动股票发起式C,backend_share,stale_only,Data_netWorthTrend|Data_ACWorthTrend@2026-04-26
000659,银华活钱宝货币C,money_market,stale_only,Data_millionCopiesIncome@2024-12-26
027815,国金添益债券C,bond_periodic,no_series,
007684,华商转债精选债券C,bond_periodic,stale_only,Data_netWorthTrend|Data_ACWorthTrend@2026-07-02
589460,科创200ETF华宝,etf_lof,no_series,
023172,兴华安泽纯债C,bond_periodic,stale_only,Data_netWorthTrend|Data_ACWorthTrend@2026-06-15
017291,申万菱信养老目标日期2045五年持有期混合发起式(FOF),fof,stale_only,Data_netWorthTrend|Data_ACWorthTrend@2026-05-14
017692,华泰紫金恒荣12个月持有期混合发起C,bond_periodic,stale_only,Data_netWorthTrend|Data_ACWorthTrend@2026-05-17
026698,人保安悦债券C,bond_periodic,no_series,
017160,中欧颐享平衡养老目标三年持有混合发起(FOF)A,fof,stale_only,Data_netWorthTrend|Data_ACWorthTrend@2026-05-21
027119,富国盈和优选6个月持有期混合(FOF)A,fof,recoverable,Data_netWorthTrend|Data_ACWorthTrend@2026-07-23
041002,华安中国A股增强指数(后端),other,no_series,
158003,港股通医疗ETF嘉实,etf_lof,no_series,
180102,华夏合肥高新REIT,reits,stale_only,Data_netWorthTrend|Data_ACWorthTrend@2022-09-19
180901,南方润泽科技数据中心REIT,reits,no_series,
270012,广发稳健增长混合A(后端),other,no_series,
270017,广发大盘成长混合(后端),other,no_series,
519681,交银增利债券A/B(后端),money_market,no_series,
511081,长盛动态精选混合(后端),other,no_series,
028042,宏利港股数字经济混合发起(QDII)C,qdii_other,no_series,
027909,汇添富睿启量化选股混合,other,no_series,
508048,华安外高桥REIT,reits,stale_only,Data_netWorthTrend|Data_ACWorthTrend@2024-12-11
028224,永赢承鑫混合C,backend_share,no_series,
028333,嘉实多瑞混合C,backend_share,no_series,
006946,宝盈聚享定期开放债券,bond_periodic,stale_only,Data_netWorthTrend|Data_ACWorthTrend@2026-05-12
028490,汇添富稳利多资产三个月持有混合(FOF)C,fof,no_series,
158019,电池ETF永赢,etf_lof,no_series,
008433,凯石岐短债A,bond_periodic,stale_only,Data_netWorthTrend|Data_ACWorthTrend@2026-06-17
028222,摩根恒生生物科技ETF发起式联接C,etf_lof,no_series,
002343,融通增益债券A/B(后端),bond_periodic,no_series,
026776,百嘉百泽60天持有纯债债券A,bond_periodic,no_series,
012489,招商招顺纯债D,bond_periodic,no_series,
016713,长信均衡策略一年持有混合A,other,stale_only,Data_netWorthTrend|Data_ACWorthTrend@2026-06-28
027443,东方红中证价值领先指数C,backend_share,no_series,
016734,安信永泽一年定开债券发起式,bond_periodic,stale_only,Data_netWorthTrend|Data_ACWorthTrend@2026-05-21
026985,京管泰富京享混合C,backend_share,no_series,
161657,融通巨潮100指数A(LOF)(后端),etf_lof,no_series,
128005,国投瑞银创新动力混合(后端),other,no_series,
000012,华夏大盘精选混合A(后端),other,no_series,
051011,博时信用债券A/B(后端),bond_periodic,no_series,
201002,长城久泰沪深300指数A(后端),other,no_series,
519693,交银成长混合(后端),other,no_series,
091002,大成债券A/B(后端),bond_periodic,no_series,
180503,中航北京昌保租赁住房REIT,reits,stale_only,Data_netWorthTrend|Data_ACWorthTrend@2026-05-20
960013,汇添富价值精选混合O,other,no_series,
027281,招商北证50成份指数增强发起式A,other,no_series,
027100,平安盈和6个月持有混合(FOF)C,fof,no_series,
028280,汇添富多资产优选三个月持有混合(FOF)C,fof,no_series,
027938,光大保德信稳健丰盈三个月持有期混合(ETF-FOF)C,fof,no_series,
028288,景顺长城景颐聚利六个月持有期债券C,bond_periodic,no_series,
202018,南方深证成份ETF联接A(后端),etf_lof,no_series,
002050,融通新机遇灵活配置混合(后端),other,no_series,
005132,海富通盈鑫货币B,money_market,no_series,
019056,百嘉百川30天持有纯债债券A,bond_periodic,stale_only,Data_netWorthTrend|Data_ACWorthTrend@2026-05-06
026581,景顺长城盈景积极配置6个月持有混合(FOF)C,fof,recoverable,Data_netWorthTrend|Data_ACWorthTrend@2026-07-23
017495,泰康中证科创创业50指数A,other,stale_only,Data_netWorthTrend|Data_ACWorthTrend@2026-06-11
026735,摩根恒生港股通50ETF联接C,etf_lof,no_series,
018251,华泰保兴科睿一年持有混合发起C,backend_share,stale_only,Data_netWorthTrend|Data_ACWorthTrend@2026-06-11
018564,嘉实中证全指家用电器指数发起式A,other,stale_only,Data_netWorthTrend|Data_ACWorthTrend@2026-05-31
027606,易方达上证科创板芯片设计主题ETF联接A,etf_lof,no_series,
027618,富国智远稳健6个月持有期混合(FOF)A,fof,recoverable,Data_netWorthTrend|Data_ACWorthTrend@2026-07-23
026945,中欧盈福稳健6个月持有混合(FOF)A,fof,recoverable,Data_netWorthTrend|Data_ACWorthTrend@2026-07-23
027747,易方达中证全指红利质量ETF联接发起式A,etf_lof,no_series,
027748,易方达中证全指红利质量ETF联接发起式C,etf_lof,no_series,
027222,长城均衡回报混合发起C,backend_share,no_series,
027783,宝盈中证工业有色金属主题指数发起式C,backend_share,no_series,
027860,易方达智享混合A,other,no_series,
100023,富国天瑞强势混合A(后端),other,no_series,
041009,华安稳定收益债券A(后端),bond_periodic,no_series,
070028,嘉实安心货币A,money_market,stale_only,Data_millionCopiesIncome@2025-07-04
180801,中航首钢绿能REIT,reits,stale_only,Data_netWorthTrend|Data_ACWorthTrend@2024-12-30
027450,交银港股消费混合(QDII)A,qdii_other,no_series,
960016,交银成长混合H,backend_share,stale_only,Data_netWorthTrend|Data_ACWorthTrend@2026-05-28
027522,广发产业优选混合A,other,no_series,
027651,东财农业智选混合发起式C,backend_share,no_series,
519691,交银稳健配置混合(后端),other,no_series,
161656,融通行业景气混合A(后端),other,no_series,
028359,中银稳进增益债券A,bond_periodic,no_series,
000842,富国新回报灵活配置混合A/B(后端),other,no_series,
027850,华安共赢回报混合A,other,no_series,
027901,兴全盈旭多元配置三个月持有混合(FOF)A,fof,no_series,
027099,平安盈和6个月持有混合(FOF)A,fof,no_series,
017984,泰康薪意保货币D,money_market,no_series,
018303,华夏聚盈优选三个月持有混合发起式(FOF)C,fof,stale_only,Data_netWorthTrend|Data_ACWorthTrend@2026-06-01
007261,融通消费升级混合A,other,stale_only,Data_netWorthTrend|Data_ACWorthTrend@2026-06-14
026550,百嘉中债1-5年政金债指数C,bond_periodic,no_series,
020809,泰康悦享60天持有期债券D,bond_periodic,stale_only,Data_netWorthTrend|Data_ACWorthTrend@2024-07-31
022828,南方赢元债券D,bond_periodic,no_series,
026984,京管泰富京享混合A,other,no_series,
027210,广发匠心精选混合C,backend_share,no_series,
027549,博时汇益优选3个月持有期混合(FOF)A,fof,recoverable,Data_netWorthTrend|Data_ACWorthTrend@2026-07-23
128002,国投瑞银景气行业混合(后端),other,no_series,
159058,证券ETF大成,etf_lof,no_series,
180701,银华绍兴原水水利REIT,reits,stale_only,Data_netWorthTrend|Data_ACWorthTrend@2024-12-30
020507,中银证券鸿安债券C,bond_periodic,stale_only,Data_netWorthTrend|Data_ACWorthTrend@2026-06-25
519182,万家和谐增长混合A(后端),other,no_series,
541001,汇丰晋信2016周期混合A(后端),other,no_series,
960014,汇添富民营活力混合O,other,no_series,
027295,大摩添悦债券A,bond_periodic,no_series,
028315,富国智泓稳健90天持有期混合(FOF)A,fof,no_series,
028414,中欧医疗精选混合发起A,other,no_series,
028593,鹏华瑞衡稳健120天持有期债券A,bond_periodic,no_series,
960022,博时沪深300指数R,backend_share,stale_only,Data_netWorthTrend|Data_ACWorthTrend@2018-11-13
158017,化工ETF易方达,etf_lof,no_series,
027877,汇添富稳益多资产三个月持有混合(FOF)C,fof,no_series,
002613,融通通慧混合A/B(后端),other,no_series,
001187,富国文体健康股票A(后端),other,no_series,
018565,嘉实中证全指家用电器指数发起式C,backend_share,stale_only,Data_netWorthTrend|Data_ACWorthTrend@2026-05-31
019188,中银证券和瑞一年持有混合C,backend_share,stale_only,Data_netWorthTrend|Data_ACWorthTrend@2026-06-25
007683,华商转债精选债券A,bond_periodic,stale_only,Data_netWorthTrend|Data_ACWorthTrend@2026-07-02
021497,中欧颐享平衡养老目标三年持有混合发起(FOF)Y,fof,stale_only,Data_netWorthTrend|Data_ACWorthTrend@2026-05-21
016436,泰信新能源锐选混合发起式C,backend_share,no_series,
027776,鹏扬量化选股混合C,backend_share,no_series,
026725,永赢裕鑫稳健多资产六个月持有混合(FOF)C,fof,recoverable,Data_netWorthTrend|Data_ACWorthTrend@2026-07-23
027203,兴业创新驱动混合发起式A,other,no_series,
027941,上银慧泽双利债券A,bond_periodic,no_series,
027861,易方达智享混合C,backend_share,no_series,
128008,国投瑞银成长优选混合(后端),other,no_series,
163408,兴全沪深300指数(LOF)A(后端),etf_lof,no_series,
161655,融通蓝筹成长混合A/B(后端),other,no_series,
017689,华泰紫金恒荣12个月持有期混合发起A,bond_periodic,stale_only,Data_netWorthTrend|Data_ACWorthTrend@2026-05-17
180103,华夏和达高科REIT,reits,no_series,
257041,国联安红利混合(后端),other,no_series,
508005,华夏首创奥莱REIT,reits,no_series,
028587,永赢嘉鑫增利债券A,money_market,no_series,
519713,交银阿尔法核心混合A(后端),other,no_series,
202010,南方盛元红利混合(后端),other,no_series,
006175,万家聚利混合A,other,no_series,
000159,富国高新技术产业混合(后端),other,no_series,
013931,博时富恒一年定开债发起式,bond_periodic,stale_only,Data_netWorthTrend|Data_ACWorthTrend@2026-06-14
018516,恒越安裕纯债债券,bond_periodic,stale_only,Data_netWorthTrend|Data_ACWorthTrend@2026-06-22
027501,兴全盈泰多元配置三个月持有混合FOFC,fof,recoverable,Data_netWorthTrend|Data_ACWorthTrend@2026-07-23
027872,中航祥益债券A,bond_periodic,no_series,
018498,渤海汇金优选平衡一年持有混合发起(FOF)A,fof,stale_only,Data_netWorthTrend|Data_ACWorthTrend@2026-06-11
023020,南方臻利3个月定开债券发起E,bond_periodic,no_series,
162606,景顺长城鼎益混合(LOF)A(后端),etf_lof,no_series,
508030,中航中核汇能新能源REIT,reits,no_series,
164903,交银信用添利债券(LOF)A(后端),bond_periodic,no_series,
551001,中信保诚四季红混合A(后端),other,no_series,
028266,南方稳颐3个月持有混合(FOF)A,fof,no_series,
028298,银华启成六个月持有期债券C,bond_periodic,no_series,
027730,财通资管沪深300指数增强C,backend_share,no_series,
028364,长信稳健睿利债券发起式C,bond_periodic,no_series,
028570,天弘成长共赢混合C,backend_share,no_series,
561610,绿色电力ETF鑫元,etf_lof,no_series,
159073,粮食ETF汇添富,etf_lof,no_series,
000154,富国沪深300指数增强A(后端),other,no_series,
017694,国联安恒瑞3个月定开债券,bond_periodic,stale_only,Data_netWorthTrend|Data_ACWorthTrend@2026-04-20
018250,华泰保兴科睿一年持有混合发起A,other,stale_only,Data_netWorthTrend|Data_ACWorthTrend@2026-06-11
022692,工银添益快线货币B,money_market,no_series,
018351,国泰海通周期精选混合发起A,other,stale_only,Data_netWorthTrend|Data_ACWorthTrend@2026-05-17
026724,永赢裕鑫稳健多资产六个月持有混合(FOF)A,fof,recoverable,Data_netWorthTrend|Data_ACWorthTrend@2026-07-23
017867,泓德高端装备混合发起式C,backend_share,stale_only,Data_netWorthTrend|Data_ACWorthTrend@2026-06-17
026363,国投瑞银聚安稳健6个月持有期混合(FOF)A,fof,recoverable,Data_netWorthTrend|Data_ACWorthTrend@2026-07-23
027334,建信新锐量化选股股票A,other,no_series,
027335,建信新锐量化选股股票C,backend_share,no_series,
161218,国投瑞银中证资源指数(LOF)A(后端),etf_lof,no_series,
027209,广发匠心精选混合A,other,no_series,
018332,嘉实新兴景气混合发起式A,other,stale_only,Data_netWorthTrend|Data_ACWorthTrend@2026-05-14
180501,红土创新深圳安居REIT,reits,stale_only,Data_netWorthTrend|Data_ACWorthTrend@2025-12-30
180602,中金印力消费REIT,reits,stale_only,Data_netWorthTrend|Data_ACWorthTrend@2025-06-29
180302,华夏深国际REIT,reits,stale_only,Data_netWorthTrend|Data_ACWorthTrend@2024-06-24
017865,财通资管博宏积极6个月持有混合发起式(FOF)C,fof,stale_only,Data_netWorthTrend|Data_ACWorthTrend@2026-06-29
508092,华夏金隅智造工场REIT,reits,stale_only,Data_netWorthTrend|Data_ACWorthTrend@2025-01-22
508002,华安百联消费REIT,reits,stale_only,Data_netWorthTrend|Data_ACWorthTrend@2024-07-10
508008,国金中国铁建REIT,reits,stale_only,Data_netWorthTrend|Data_ACWorthTrend@2022-06-26
508006,富国首创水务REIT,reits,stale_only,Data_netWorthTrend|Data_ACWorthTrend@2024-09-01
508609,华安锦江商业REIT,reits,no_series,
027969,交银惠享多资产六个月持有期混合(FOF),fof,no_series,
000731,融通健康产业灵活配置混合A/B(后端),other,no_series,
001269,富国国家安全主题混合A(后端),other,no_series,
000635,富国天盛灵活配置基金(后端),other,no_series,
028521,前海开源中证全指软件开发指数C,backend_share,no_series,
027388,汇泉中债0-5年政金债C,bond_periodic,no_series,
519689,交银精选混合(后端),other,no_series,
051106,博时稳定价值债券A(后端),bond_periodic,no_series,
027204,兴业创新驱动混合发起式C,backend_share,no_series,
027851,华安共赢回报混合C,backend_share,no_series,
100033,富国中证红利指数增强A(后端),other,no_series,
541004,汇丰晋信2026周期混合(后端),other,no_series,
519990,长信双利优选混合A(后端),other,no_series,
960025,嘉实研究精选混合H,backend_share,no_series,
027560,创金合信稳进鑫禧混合C,backend_share,no_series,
027306,中航新能源产业混合C,backend_share,no_series,
158013,航空航天ETF易方达,etf_lof,no_series,
028422,宏利科创精选混合A,other,no_series,
028430,汇安启程混合A,other,no_series,
000718,融通转型三动力灵活配置混合A(后端),other,no_series,
000795,宝盈睿丰创新混合A/B(后端),other,no_series,
000160,富国强回报定开债A/B(后端),bond_periodic,no_series,
017301,安信数字经济股票发起C,backend_share,stale_only,Data_netWorthTrend|Data_ACWorthTrend@2026-05-21
026946,中欧盈福稳健6个月持有混合(FOF)C,fof,recoverable,Data_netWorthTrend|Data_ACWorthTrend@2026-07-23
018334,华夏中证智选1000成长创新策略ETF发起式联接A,etf_lof,stale_only,Data_netWorthTrend|Data_ACWorthTrend@2026-05-31
018293,华夏国证2000指数增强发起式C,backend_share,stale_only,Data_netWorthTrend|Data_ACWorthTrend@2026-05-24
027238,交银盈享多资产六个月持有期混合(FOF),fof,recoverable,Data_netWorthTrend|Data_ACWorthTrend@2026-07-23
027027,华安中证电池主题指数C,backend_share,no_series,
017726,鑫元成长驱动股票发起式A,other,stale_only,Data_netWorthTrend|Data_ACWorthTrend@2026-04-26
027787,国富港股通核心增益混合C,backend_share,no_series,
161659,融通动力先锋混合A/B(后端),other,no_series,
027967,平安中证农业主题指数发起式A,other,no_series,
041004,华安宝利配置混合(后端),other,no_series,
027482,工银盈瑞稳健6个月持有混合(FOF)A,fof,recoverable,Data_netWorthTrend|Data_ACWorthTrend@2026-07-23
161660,融通领先成长混合(LOF)A(后端),etf_lof,no_series,
163410,兴全绿色投资混合(LOF)(后端),etf_lof,no_series,
240015,华宝中证A100ETF联接A(后端),etf_lof,no_series,
508021,国泰海通临港创新产业园REIT,reits,stale_only,Data_netWorthTrend|Data_ACWorthTrend@2025-12-30
508069,华夏南京交通高速公路REIT,reits,stale_only,Data_netWorthTrend|Data_ACWorthTrend@2024-10-16
163403,兴全趋势投资混合(LOF)(后端),etf_lof,no_series,
508093,易方达广西北投高速REIT,reits,stale_only,Data_netWorthTrend|Data_ACWorthTrend@2026-05-06
960019,招商行业领先混合H,backend_share,no_series,
026951,广发招瑞多元机遇6个月持有混合(FOF)C,fof,no_series,
027305,中航新能源产业混合A,other,no_series,
028598,富国医药健康混合发起式C,backend_share,no_series,
028283,东吴瑞欣债券A,bond_periodic,no_series,
001049,富国新兴产业股票A(后端),other,no_series,
041007,华安中小盘成长混合(后端),other,no_series,
016391,易米研究精选混合发起C,backend_share,stale_only,Data_netWorthTrend|Data_ACWorthTrend@2026-04-26
180202,华夏越秀高速REIT,reits,stale_only,Data_netWorthTrend|Data_ACWorthTrend@2021-12-02
519707,交银深证300价值ETF联接(后端),etf_lof,no_series,
202022,南方小康ETF联接A(后端),etf_lof,no_series,
028285,联博汇鑫债券A,bond_periodic,no_series,
027985,汇安启明混合A,other,no_series,
028312,东吴嘉睿6个月持有混合发起式C,backend_share,no_series,
028381,华夏创业板软件ETF发起式联接A,etf_lof,no_series,
028473,南方稳健多策略3个月持有混合(FOF)A,fof,no_series,
000658,银华活钱宝货币B,money_market,stale_only,Data_millionCopiesIncome@2024-12-26
003244,摩根中国世纪混合(QDII)美元现钞,qdii_fx_share,no_series,
002253,融通成长30灵活配置混合A(后端),other,no_series,
398012,中海分红增利混合(后端),money_market,no_series,
023206,兴全合辰混合C,backend_share,no_series,
018404,富安达智优量化选股混合型发起式C,backend_share,stale_only,Data_netWorthTrend|Data_ACWorthTrend@2026-06-04
026650,易方达如意安惠6个月持有混合(FOF)A,fof,recoverable,Data_netWorthTrend|Data_ACWorthTrend@2026-07-23
002717,红塔红土盛隆灵活配置A,other,stale_only,Data_netWorthTrend|Data_ACWorthTrend@2026-05-31
027972,金鹰丰誉混合A,other,no_series,
161018,富国天丰强化债券(LOF)A(后端),bond_periodic,no_series,
202028,南方高端装备混合A(后端),other,no_series,
508036,平安宁波交投REIT,reits,stale_only,Data_netWorthTrend|Data_ACWorthTrend@2024-12-09
519684,交银双利债券A/B(后端),bond_periodic,no_series,
960033,农银消费主题混合H,backend_share,stale_only,Data_netWorthTrend|Data_ACWorthTrend@2020-05-25
960036,易方达价值成长混合I,backend_share,no_series,
051016,博时宏观回报债券A/B(后端),bond_periodic,no_series,
519705,交银先进制造混合A(后端),other,no_series,
027236,富国港股通科技混合A,other,no_series,
027937,光大保德信稳健丰盈三个月持有期混合(ETF-FOF)A,fof,no_series,
026950,广发招瑞多元机遇6个月持有混合(FOF)A,fof,no_series,
027753,华安中证汽车零部件主题指数发起式A,other,no_series,
028223,永赢承鑫混合A,other,no_series,
028279,汇添富多资产优选三个月持有混合(FOF)A,fof,no_series,
028440,长盛聚益债券A,bond_periodic,no_series,
028392,天弘慧选增利6个月持有混合C,money_market,no_series,
002012,华夏红利混合(后端),other,no_series,
017591,汇添富添福智富均衡养老目标三年持有混合发起(FOF),fof,stale_only,Data_netWorthTrend|Data_ACWorthTrend@2026-06-17
001654,国联安添鑫灵活配置混合C,backend_share,stale_only,Data_netWorthTrend|Data_ACWorthTrend@2026-06-01
022872,南方耀元债券C,bond_periodic,no_series,
019057,百嘉百川30天持有纯债债券C,bond_periodic,stale_only,Data_netWorthTrend|Data_ACWorthTrend@2026-05-06
017267,招商乐颐和惠养老目标日期2035三年持有混合发起式FOF,fof,stale_only,Data_netWorthTrend|Data_ACWorthTrend@2026-05-14
020805,国投瑞银和嘉债券A,bond_periodic,stale_only,Data_netWorthTrend|Data_ACWorthTrend@2026-07-05
024028,招商均衡优选混合C,backend_share,stale_only,Data_netWorthTrend|Data_ACWorthTrend@2025-09-03
019187,中银证券和瑞一年持有混合A,other,stale_only,Data_netWorthTrend|Data_ACWorthTrend@2026-06-25
026697,人保安悦债券A,bond_periodic,no_series,
027798,华夏优享回报混合C,backend_share,no_series,
161228,国投瑞银深证100指数(后端),other,no_series,
161602,融通新蓝筹混合(后端),other,no_series,
027607,易方达上证科创板芯片设计主题ETF联接C,etf_lof,no_series,
202020,南方策略优化混合(后端),other,no_series,
508018,华夏中国交建REIT,reits,stale_only,Data_netWorthTrend|Data_ACWorthTrend@2022-04-12
270015,广发聚丰混合A(后端),other,no_series,
508058,中金厦门安居REIT,reits,stale_only,Data_netWorthTrend|Data_ACWorthTrend@2025-06-29
508082,中金唯品会奥莱REIT,reits,no_series,
508060,南方万国数据中心REIT,reits,no_series,
180101,博时蛇口产园REIT,reits,stale_only,Data_netWorthTrend|Data_ACWorthTrend@2021-06-06
519036,富国天博创新主题混合(后端),other,no_series,
526060,港股通信息技术ETF华泰柏瑞,etf_lof,no_series,
519301,大成沪深300指数A(后端),other,no_series,
028316,富国智泓稳健90天持有期混合(FOF)C,fof,no_series,
028311,东吴嘉睿6个月持有混合发起式A,other,no_series,
028255,摩根新能源股票A,other,no_series,
028382,华夏创业板软件ETF发起式联接C,etf_lof,no_series,
028360,中银稳进增益债券C,bond_periodic,no_series,
028389,汇添富中证全指电力公用事业ETF发起式联接A,etf_lof,no_series,
028390,汇添富中证全指电力公用事业ETF发起式联接C,etf_lof,no_series,
028489,汇添富稳利多资产三个月持有混合(FOF)A,fof,no_series,
023576,海富通稳鑫三个月持有债券C,bond_periodic,stale_only,Data_netWorthTrend|Data_ACWorthTrend@2026-06-28
000470,富国目标齐利一年期纯债债券(后端),bond_periodic,no_series,
000565,富国医疗保健行业混合A(后端),other,no_series,
000582,富国信用债债券A/B(后端),bond_periodic,no_series,
002002,华夏回报混合A(后端),other,no_series,
002718,红塔红土盛隆灵活配置C,backend_share,stale_only,Data_netWorthTrend|Data_ACWorthTrend@2026-05-31
000140,富国国有企业债债券A/B(后端),bond_periodic,no_series,
028245,嘉实领航聚宁3个月持有期混合(FOF)A,fof,no_series,
027461,平安兴福多元稳健3个月持有混合(FOF)A,fof,recoverable,Data_netWorthTrend|Data_ACWorthTrend@2026-07-23
016130,国泰海通品质生活混合发起A,other,stale_only,Data_netWorthTrend|Data_ACWorthTrend@2026-06-11
508001,浙商沪杭甬REIT,reits,stale_only,Data_netWorthTrend|Data_ACWorthTrend@2024-06-26
161661,融通内需驱动混合A(后端),other,no_series,
091001,大成价值增长混合A(后端),other,no_series,
508601,中信建投首农商业REIT,reits,stale_only,Data_netWorthTrend|Data_ACWorthTrend@2026-05-31
508078,中航易商仓储物流REIT,reits,stale_only,Data_netWorthTrend|Data_ACWorthTrend@2024-12-23
508039,创金合信首农REIT,reits,stale_only,Data_netWorthTrend|Data_ACWorthTrend@2025-12-30
519719,交银纯债债券发起A(后端),bond_periodic,no_series,
028319,华商永利债券A,bond_periodic,no_series,
519739,交银周期回报灵活配置混合A(后端),other,no_series,
028345,鹏扬优利债券C,bond_periodic,no_series,
028594,鹏华瑞衡稳健120天持有期债券C,bond_periodic,no_series,
003245,摩根中国世纪混合(QDII)美元现汇,qdii_fx_share,no_series,
028569,天弘成长共赢混合A,other,no_series,
001359,国联安添鑫灵活配置混合A,other,stale_only,Data_netWorthTrend|Data_ACWorthTrend@2026-06-01
005195,博时合丰货币A,money_market,no_series,
041008,华安策略优选混合A(后端),other,no_series,
027759,汇添富中证全指指数增强C,backend_share,no_series,
161654,融通深证100指数A(后端),other,no_series,
202008,南方隆元产业主题混合(后端),other,no_series,
008111,银华信用精选18个月定开债,bond_periodic,stale_only,Data_netWorthTrend|Data_ACWorthTrend@2026-06-29
508080,中金亦庄产业园REIT,reits,stale_only,Data_netWorthTrend|Data_ACWorthTrend@2025-06-15
508090,中银中外运仓储物流REIT,reits,stale_only,Data_netWorthTrend|Data_ACWorthTrend@2025-06-25
508600,汇添富上海地产商业REIT,reits,stale_only,Data_netWorthTrend|Data_ACWorthTrend@2026-06-01
508087,国泰海通济南能源供热REIT,reits,stale_only,Data_netWorthTrend|Data_ACWorthTrend@2025-12-30
027833,东方丰泰多元配置三个月持有混合(FOF)A,fof,no_series,
516163,新能源ETF南方,etf_lof,no_series,
028286,联博汇鑫债券C,bond_periodic,no_series,
028384,华润元大聚盈混合发起式C,backend_share,no_series,
000158,富国低碳环保混合(后端),other,no_series,
004307,博时富元纯债债券,bond_periodic,stale_only,Data_netWorthTrend|Data_ACWorthTrend@2026-06-15
006667,南华瑞元定期开放债券,bond_periodic,stale_only,Data_netWorthTrend|Data_ACWorthTrend@2026-07-02
025906,东方红欣享稳健多资产6个月持有混合(FOF)A,fof,recoverable,Data_netWorthTrend|Data_ACWorthTrend@2026-07-23
026026,华夏六个月滚动持有债券C,bond_periodic,no_series,
007498,中庚价值灵动灵活配置混合(后端),other,no_series,
017004,上银恒睿养老目标2045三年持有混合发起式(FOF),fof,recoverable,Data_netWorthTrend|Data_ACWorthTrend@2026-07-23
026364,国投瑞银聚安稳健6个月持有期混合(FOF)C,fof,recoverable,Data_netWorthTrend|Data_ACWorthTrend@2026-07-23
027550,博时汇益优选3个月持有期混合(FOF)C,fof,recoverable,Data_netWorthTrend|Data_ACWorthTrend@2026-07-23
028322,富国稳悦回报混合C,backend_share,no_series,
041005,华安宏利混合A(后端),other,no_series,
128012,国投瑞银优化增强债券A/B(后端),bond_periodic,no_series,
159082,化工ETF华夏,etf_lof,no_series,
180105,易方达广开产园REIT,reits,stale_only,Data_netWorthTrend|Data_ACWorthTrend@2024-08-28
508603,中金唯品会商业REIT,reits,no_series,
519715,交银消费新驱动股票(后端),other,no_series,
027714,华宝质量量化选股混合C,backend_share,no_series,
018333,嘉实新兴景气混合发起式C,backend_share,stale_only,Data_netWorthTrend|Data_ACWorthTrend@2026-05-14
027754,华安中证汽车零部件主题指数发起式C,backend_share,no_series,
091006,大成2020生命周期混合A(后端),other,no_series,
028221,摩根恒生生物科技ETF发起式联接A,etf_lof,no_series,
028296,民生加银添惠债券C,bond_periodic,no_series,
005199,上银聚加利货币,money_market,no_series,
028573,南方启航共赢混合A,other,no_series,
028592,汇添富稳利回报债券C,bond_periodic,no_series,
028457,长盛聚益债券C,bond_periodic,no_series,
519724,交银双轮动债券A/B(后端),bond_periodic,no_series,
006313,恒越核心精选混合A(后端),other,no_series,
021763,汇添金货币E,money_market,no_series,
026734,摩根恒生港股通50ETF联接A,etf_lof,no_series,
027926,博时稳睿增益6个月持有期混合A,bond_periodic,no_series,
017864,财通资管博宏积极6个月持有混合发起式(FOF)A,fof,stale_only,Data_netWorthTrend|Data_ACWorthTrend@2026-06-29
027927,博时稳睿增益6个月持有期混合C,bond_periodic,no_series,
027973,金鹰丰誉混合B,other,no_series,
180011,银华优势企业混合(后端),other,no_series,
015852,华泰柏瑞益安三个月定开债券,bond_periodic,stale_only,Data_netWorthTrend|Data_ACWorthTrend@2026-06-28
398002,中海优质成长混合(后端),other,no_series,
270020,广发沪深300ETF联接A(后端),etf_lof,no_series,
508020,东方红隧道股份高速公路REIT,reits,stale_only,Data_netWorthTrend|Data_ACWorthTrend@2026-06-29
508098,嘉实京东仓储基础设施REIT,reits,stale_only,Data_netWorthTrend|Data_ACWorthTrend@2023-06-29
508097,华泰南京建邺REIT,reits,stale_only,Data_netWorthTrend|Data_ACWorthTrend@2025-06-29
027683,中邮臻享混合发起式C,backend_share,no_series,
960010,工银核心价值混合H,backend_share,stale_only,Data_netWorthTrend|Data_ACWorthTrend@2017-01-22
508031,国泰海通城投宽庭保租房REIT,reits,stale_only,Data_netWorthTrend|Data_ACWorthTrend@2025-12-30
027713,华宝质量量化选股混合A,other,no_series,
161006,富国天惠成长混合(LOF)A(后端),etf_lof,no_series,
028597,富国医药健康混合发起式A,other,no_series,
027834,东方丰泰多元配置三个月持有混合(FOF)C,fof,no_series,
028423,宏利科创精选混合C,backend_share,no_series,
016519,华安新回报混合C,backend_share,stale_only,Data_netWorthTrend|Data_ACWorthTrend@2026-04-27
